Question,Question Type,Answer Option 1,Explanation 1,Answer Option 2,Explanation 2,Answer Option 3,Explanation 3,Answer Option 4,Explanation 4,Answer Option 5,Explanation 5,Answer Option 6,Explanation 6,Correct Answers,Overall Explanation,Domain
A company runs a web app on EC2 with unpredictable traffic spikes. What is the most cost-effective and scalable solution?,multiple-choice,Use a scheduled scaling policy,Scheduled scaling is for predictable traffic only.,Manually add more instances,This is not scalable and is prone to error.,Use a dynamic scaling policy based on CPU utilization,This automatically scales based on real-time demand.,Over-provision a large number of instances,This is not cost-effective.,,,,3,A dynamic Auto Scaling policy adjusts the number of EC2 instances automatically in response to changes in demand ensuring performance while minimizing cost.,Design High-Performing Architectures
An organization needs to store 7 years of audit logs. The logs are rarely accessed after the first month but must be retrievable within 24 hours. What is the MOST cost-effective S3 storage class?,multiple-choice,S3 Standard,Too expensive for long-term archival.,S3 Glacier Flexible Retrieval,More expensive than Deep Archive with faster retrieval not needed.,S3 Intelligent-Tiering,Best for unpredictable access patterns not long-term archive.,S3 Glacier Deep Archive,Lowest-cost storage class designed for long-term retention.,,,,4,S3 Glacier Deep Archive is the cheapest option for long-term data archival where a retrieval time of 12-48 hours is acceptable.,Design Cost-Optimized Architectures
A critical application on EC2 instances must be highly available and withstand the failure of a single Availability Zone. What is the BEST design?,multiple-choice,Deploy instances in one AZ with multiple instance types,This does not protect against an AZ failure.,Deploy instances across multiple Availability Zones,This ensures high availability as traffic can be routed to healthy AZs.,Deploy a standby set in another AWS Region,This is a DR strategy and is more complex than required.,Use Spot Instances to automatically replace failed ones,Spot Instances can be interrupted and are not for critical stateful apps.,,,,2,Deploying EC2 instances across multiple AZs with an Application Load Balancer allows for automatic failover if one AZ becomes unavailable.,Design Resilient Architectures
A developer requires temporary credentials to access an S3 bucket expiring after 1 hour. Which service should be used?,multiple-choice,IAM Roles,IAM Roles define permissions but do not issue temporary credentials directly.,AWS Security Token Service (STS),STS is designed to grant temporary limited-privilege credentials.,AWS Secrets Manager,This service stores and rotates secrets like passwords but does not grant temporary access.,Amazon Cognito,Cognito is for application user identity not for AWS resource credentials for developers.,,,,2,AWS STS (Security Token Service) AssumeRole API call is used to obtain temporary security credentials with defined permissions and a set expiration time.,Design Secure Architectures
An application requires a shared file system that can be mounted on multiple EC2 instances simultaneously using the NFS protocol. Which storage solution should be used?,multiple-choice,Amazon EBS Multi-Attach,This is block storage not a shared file system and is limited to one AZ.,Amazon S3,S3 is an object store and does not support the NFS protocol for EC2 mounting.,Amazon EFS,EFS is a fully managed scalable NFS-compliant file system.,Amazon EC2 Instance Store,Instance store is ephemeral block storage tied to a single EC2 instance.,,,,3,Amazon EFS is a managed NFS file system that can be mounted on thousands of EC2 instances concurrently providing a shared storage solution.,Design High-Performing Architectures
How can a company ensure that all new objects uploaded to any S3 bucket in their AWS account are encrypted by default?,multiple-choice,Use an SCP to deny unencrypted uploads,This can be complex to manage and less direct.,Manually enable encryption on each new bucket,This is not an automated or enforceable policy.,Enable S3 Default Encryption in the account settings,This is the simplest method to enforce encryption for all new objects account-wide.,Run a daily script to encrypt objects,This is a reactive approach and does not prevent unencrypted objects from being created.,,,,3,Enabling S3 Default Encryption at the account level is a straightforward way to ensure all new objects are encrypted at rest using SSE-S3 or SSE-KMS.,Design Secure Architectures
A web application behind an Application Load Balancer needs protection from common web exploits like SQL injection and XSS. Which AWS service is most suitable?,multiple-choice,AWS Shield,Shield provides DDoS protection not protection from application-layer attacks.,AWS WAF,WAF is a web application firewall that filters traffic based on rules to block attacks like SQL injection.,Amazon GuardDuty,GuardDuty is a threat detection service that analyzes logs not a real-time firewall.,AWS Firewall Manager,This service manages firewall rules across accounts but is not the firewall itself.,,,,2,AWS WAF integrates with Application Load Balancers to inspect web requests and block malicious traffic based on defined security rules.,Design Secure Architectures
A company needs a dedicated private and low-latency network connection between its on-premises data center and AWS. Which service should be used?,multiple-choice,AWS Site-to-Site VPN,A VPN connection uses the public internet and does not offer consistent low latency.,AWS Direct Connect,Direct Connect provides a dedicated private connection for consistent performance.,VPC Peering,This connects VPCs to each other not to an on-premises location.,AWS Transit Gateway,This is a network hub and still requires a VPN or Direct Connect for the on-premises link.,,,,2,AWS Direct Connect establishes a private dedicated physical network connection bypassing the public internet for consistent low-latency performance.,Design High-Performing Architectures
An application in a private subnet needs to access a DynamoDB table without traversing the public internet. What is the most secure method?,multiple-choice,Use a NAT Gateway,A NAT Gateway routes traffic over the public internet.,Create a VPC Gateway Endpoint for DynamoDB,This creates a private connection within the AWS network.,Assign Public IPs to the instances,This exposes instances to the internet and is not secure.,Use an Internet Gateway,This provides a route to the public internet.,,,,2,A VPC Gateway Endpoint for DynamoDB routes traffic between your VPC and DynamoDB over the private AWS network enhancing security.,Design Secure Architectures
A company has a disaster recovery requirement with an RTO of 15 minutes and an RPO of 1 hour. Which strategy is the most appropriate?,multiple-choice,Backup and Restore,This strategy has a high RTO typically hours and cannot meet a 15-minute target.,Pilot Light,Involves a minimal running environment faster than Backup and Restore but may not meet a 15-minute RTO.,Warm Standby,A scaled-down but fully functional version of the application runs in the DR region allowing for a fast scale-up.,Multi-Site Active-Active,Provides near-zero RTO but is the most complex and expensive strategy.,,,,3,The Warm Standby strategy balances cost and recovery time allowing a quick scale-up in the disaster recovery region to meet a 15-minute RTO.,Design Resilient Architectures
An EC2 fleet processes messages from an SQS queue. The number of instances should scale based on the number of messages in the queue. What is the most efficient scaling method?,multiple-choice,Scale based on CPU utilization,CPU usage may not directly correlate with the queue length.,Scale based on the SQS ApproximateNumberOfMessagesVisible metric,This directly ties scaling to the workload ensuring efficient resource use.,Scale manually,This is not automated and is inefficient.,Use a scheduled scaling policy,This is for predictable traffic patterns not variable queue lengths.,,,,2,Using a target tracking scaling policy based on the ApproximateNumberOfMessagesVisible SQS metric allows the Auto Scaling group to adjust the instance count based on the actual workload.,Design High-Performing Architectures
A company wants to run large-scale data processing jobs using frameworks like Apache Spark and Hadoop. Which managed service simplifies this process?,multiple-choice,Amazon RDS,RDS is a relational database service not for big data processing.,Amazon EMR,EMR is a managed service for running big data frameworks like Spark and Hadoop.,Amazon Redshift,Redshift is a data warehouse not a general-purpose processing framework.,AWS Lambda,Lambda is for short-running event-driven functions not for long-running distributed jobs.,,,,2,Amazon EMR (Elastic MapReduce) automates the setup scaling and management of clusters for big data frameworks simplifying large-scale data processing.,Design High-Performing Architectures
A web application needs to store user session data with sub-millisecond latency. Which AWS service is the best fit?,multiple-choice,Amazon RDS,RDS is a disk-based database with higher latency.,Amazon DynamoDB,DynamoDB offers low single-digit millisecond latency but in-memory stores are faster.,Amazon ElastiCache for Redis,ElastiCache for Redis is an in-memory data store providing sub-millisecond latency ideal for session storage.,Amazon S3,S3 is an object store and is not suitable for low-latency session data.,,,,3,Amazon ElastiCache for Redis provides an in-memory key-value store with extremely low latency making it a popular choice for caching and session management.,Design High-Performing Architectures
In a microservices architecture services need to communicate asynchronously. Which managed service acts as a reliable message broker?,multiple-choice,Amazon SNS,SNS is a publish/subscribe service for fan-out messaging not typically a message broker.,Amazon SQS,SQS is a fully managed message queuing service for decoupling microservices.,Amazon Kinesis Data Streams,Kinesis is for real-time data streaming not general-purpose messaging.,AWS Step Functions,Step Functions is a workflow orchestrator not a message broker.,,,,2,Amazon SQS (Simple Queue Service) provides a reliable and scalable message queue for decoupling components of a distributed system.,Design Resilient Architectures
A company wants to provision its AWS infrastructure using code. Which service allows defining and deploying infrastructure from a template?,multiple-choice,AWS Elastic Beanstalk,Beanstalk is a PaaS that abstracts the underlying infrastructure.,AWS CloudFormation,CloudFormation allows you to model your infrastructure as code in templates.,AWS OpsWorks,OpsWorks is a configuration management service using Chef and Puppet.,AWS Config,Config is for auditing and compliance not for provisioning.,,,,2,AWS CloudFormation enables you to define your entire AWS infrastructure in a JSON or YAML template allowing for automated and repeatable deployments.,Design High-Performing Architectures
A website with a global user base serves large static files. How can the company reduce latency and server load?,multiple-choice,AWS Global Accelerator,Global Accelerator is for dynamic content and applications not for caching static files.,Amazon CloudFront,CloudFront is a CDN that caches static content at edge locations close to users.,Elastic Load Balancing,ELB distributes traffic but does not cache content.,S3 Transfer Acceleration,This service speeds up uploads to S3 but does not serve content from edge locations.,,,,2,Amazon CloudFront caches static assets at edge locations worldwide reducing latency for users and offloading requests from the origin server.,Design High-Performing Architectures
A company wants to run BI queries on its production RDS for PostgreSQL database without impacting performance. What is the best approach?,multiple-choice,Run queries during off-peak hours,This can still impact performance and may not be feasible for a 24/7 business.,Create a read replica of the database,A read replica allows you to offload read traffic from the primary instance.,Export data to S3 and query with Athena,This adds complexity and latency to the analytics process.,Migrate the database to Amazon Redshift,This is a complex data warehousing solution whereas a read replica is a simpler solution.,,,,2,Creating a read replica for an RDS database is the standard method for isolating read-heavy workloads like BI queries from the production database.,Design Resilient Architectures
An application generates logs that are frequently accessed for the first 30 days then infrequently for a year. Which S3 storage class is most cost-effective?,multiple-choice,S3 Standard,This is expensive for long-term storage of infrequently accessed data.,S3 Glacier Flexible Retrieval,This is for archival data and has a retrieval time of minutes to hours.,S3 Intelligent-Tiering,This automatically moves data between access tiers based on usage patterns optimizing cost.,S3 Standard-Infrequent Access,This has a retrieval fee and is best for data that is known to be infrequently accessed.,,,,3,S3 Intelligent-Tiering automatically optimizes storage costs by moving data to the most cost-effective tier without performance impact or operational overhead.,Design Cost-Optimized Architectures
A serverless application built with AWS Lambda needs a fast scalable and fully managed NoSQL database. Which AWS service is the best choice?,multiple-choice,Amazon RDS,RDS is a relational database service not NoSQL.,Amazon DynamoDB,DynamoDB is a serverless NoSQL database with single-digit millisecond latency.,Amazon Redshift,Redshift is a data warehouse not a transactional database.,Amazon ElastiCache,ElastiCache is an in-memory cache not a persistent database.,,,,2,Amazon DynamoDB is a fully managed serverless NoSQL database that integrates seamlessly with AWS Lambda providing high performance at any scale.,Design High-Performing Architectures
Which service should be used to record all API calls made within an AWS account for security and auditing purposes?,multiple-choice,Amazon CloudWatch,CloudWatch monitors performance metrics and logs but does not record all API calls.,AWS CloudTrail,CloudTrail logs all API activity across your AWS account.,Amazon S3 Access Logs,These logs are specific to S3 buckets not the entire account.,VPC Flow Logs,Flow Logs capture network traffic information not API calls.,,,,2,AWS CloudTrail is a service that provides event history of your AWS account activity including actions taken through the AWS Management Console AWS SDKs and command line tools.,Design Secure Architectures
A developer wants to run a containerized application without managing the underlying EC2 instances paying only for consumed resources. Which service and launch type should be used?,multiple-choice,Amazon ECS with EC2 launch type,This requires you to manage the EC2 instances in the cluster.,Amazon ECS with Fargate launch type,Fargate is a serverless compute engine for containers where you pay for vCPU and memory.,Amazon EKS with EC2 launch type,This also requires you to manage the worker nodes.,AWS Elastic Beanstalk with Docker,Beanstalk abstracts but still provisions and charges for the underlying EC2 instances.,,,,2,Amazon ECS with the Fargate launch type allows you to run containers without managing servers and you are billed for the resources your application consumes.,Design Cost-Optimized Architectures
A company needs a secure and cost-effective connection from its on-premises data center to its VPC for moderate data transfer. Which service is most appropriate?,multiple-choice,AWS Direct Connect,Direct Connect is a dedicated connection which is more expensive and for high-bandwidth needs.,AWS Site-to-Site VPN,A VPN provides a secure encrypted connection over the internet and is cost-effective.,VPC Peering,VPC Peering connects two VPCs not an on-premises network.,AWS Transit Gateway,Transit Gateway is a network hub and still requires a VPN or Direct Connect connection.,,,,2,An AWS Site-to-Site VPN is a secure and cost-effective solution for connecting an on-premises network to a VPC over the internet.,Design Secure Architectures
How can a company protect data in an S3 bucket from being accidentally deleted or overwritten?,multiple-choice,Enable S3 Versioning,Versioning keeps multiple versions of an object allowing for recovery.,Enable Cross-Region Replication,This is for disaster recovery not for protecting against accidental deletions.,Use S3 Lifecycle policies,Lifecycle policies manage object transitions and expiration not protection from deletion.,Enable MFA Delete,MFA Delete adds a layer of security but does not allow for recovery like versioning does.,,,,1,S3 Versioning is the primary mechanism for protecting against accidental deletion as it allows you to restore previous versions of an object.,Design Resilient Architectures
An application requires a POSIX-compliant file system that can be shared across multiple EC2 instances. Which AWS service should be used?,multiple-choice,Amazon S3,S3 is an object store not a POSIX-compliant file system.,Amazon EFS,EFS provides a fully managed scalable POSIX-compliant file system.,Amazon EBS,EBS provides block storage for a single EC2 instance.,AWS Storage Gateway,Storage Gateway is a hybrid storage service not a shared file system for EC2 instances.,,,,2,Amazon EFS is a managed file storage service that provides a POSIX-compliant file system that can be mounted on multiple EC2 instances.,Design High-Performing Architectures
An application needs to securely store and automatically rotate database passwords. Which service is best suited for this task?,multiple-choice,AWS Key Management Service (KMS),KMS manages encryption keys but does not handle secret rotation.,AWS Secrets Manager,Secrets Manager stores secrets and can automatically rotate credentials for services like RDS.,AWS Systems Manager Parameter Store,Parameter Store can store secrets but does not have built-in automatic rotation for database passwords.,AWS Certificate Manager (ACM),ACM is for managing SSL/TLS certificates.,,,,2,AWS Secrets Manager is designed for storing and rotating secrets with native integration for rotating database credentials on Amazon RDS.,Design Secure Architectures
What is the most cost-effective and scalable way to host a static website on AWS?,multiple-choice,Amazon EC2 with an Elastic IP,This is more expensive and less scalable than a serverless approach.,Amazon S3 with Amazon CloudFront,Hosting on S3 is low-cost and CloudFront provides scalable and low-latency content delivery.,AWS Elastic Beanstalk,Beanstalk is for dynamic applications and is not the most cost-effective for static sites.,Amazon Lightsail,Lightsail is a simplified VPS but S3 with CloudFront is generally more scalable and cost-effective.,,,,2,Hosting a static website on Amazon S3 and distributing it with Amazon CloudFront is a highly scalable available and cost-effective solution.,Design Cost-Optimized Architectures
A legacy application requires access to a file share in the cloud using the SMB protocol. Which AWS service should be used?,multiple-choice,Amazon EFS,EFS provides NFS file shares not SMB.,Amazon S3,S3 is an object store not a file share.,Amazon FSx for Windows File Server,FSx for Windows File Server provides a fully managed native Windows file system with SMB support.,AWS Storage Gateway in File Gateway mode,File Gateway provides a file interface to S3 but FSx is a more native solution.,,,,3,Amazon FSx for Windows File Server is the best choice for applications requiring a managed SMB file share in the cloud.,Design High-Performing Architectures
How can a company prevent developers from launching specific large EC2 instance types across its entire AWS organization?,multiple-choice,Use an IAM policy,IAM policies must be applied to each user or role which is hard to manage.,Use an AWS Organizations Service Control Policy (SCP),SCPs can set permission guardrails for all accounts in an organization.,Use AWS Config to terminate non-compliant instances,This is a reactive approach not a preventive one.,Use AWS Trusted Advisor,Trusted Advisor provides recommendations but does not enforce policies.,,,,2,A Service Control Policy (SCP) in AWS Organizations is the most effective way to enforce restrictions such as disallowing certain instance types across an entire organization.,Design Secure Architectures
A company needs to process real-time streaming data from thousands of IoT devices in order. Which AWS service is most appropriate?,multiple-choice,Amazon SQS,SQS is a message queue not a real-time streaming service.,Amazon Kinesis Data Streams,Kinesis is designed for real-time processing of streaming data at scale with ordered records.,Amazon SNS,SNS is a pub/sub messaging service and does not guarantee order.,AWS Glue,Glue is an ETL service for batch processing not real-time streams.,,,,2,Amazon Kinesis Data Streams is built for ingesting and processing large-scale real-time data streams with guaranteed ordering of records within a shard.,Design High-Performing Architectures
A company wants to encrypt objects in an S3 bucket and manage its own encryption keys. Which S3 encryption option should be used?,multiple-choice,Server-Side Encryption with S3-Managed Keys (SSE-S3),With SSE-S3 AWS manages the encryption keys.,Server-Side Encryption with KMS-Managed Keys (SSE-KMS),With SSE-KMS you can manage the keys in KMS but AWS still controls the key material.,Server-Side Encryption with Customer-Provided Keys (SSE-C),With SSE-C you provide your own encryption key with each request.,Client-Side Encryption,With client-side encryption you encrypt the data before uploading it to S3.,,,,3,Server-Side Encryption with Customer-Provided Keys (SSE-C) allows you to manage your own encryption keys while having S3 perform the encryption and decryption.,Design Secure Architectures
How can a company improve the read performance of its Amazon RDS for MySQL database?,multiple-choice,Enable Multi-AZ,Multi-AZ provides high availability not read scaling.,Create a read replica,Read replicas offload read traffic from the primary database instance.,Increase the instance size,This can improve performance but is not the most cost-effective solution for read-heavy workloads.,Use Amazon ElastiCache,Caching can improve performance but a read replica is a more direct solution for offloading read queries.,,,,2,Creating one or more read replicas for an RDS database is the standard method for scaling read-intensive workloads.,Design High-Performing Architectures
A company has a stateless application that can tolerate interruptions. Which EC2 purchasing option is the most cost-effective?,multiple-choice,On-Demand Instances,On-Demand instances are flexible but are not the cheapest option.,Reserved Instances,Reserved Instances offer a discount but Spot Instances are more cost-effective for interruptible workloads.,Spot Instances,Spot Instances offer the deepest discounts (up to 90%) for fault-tolerant and flexible applications.,Dedicated Hosts,Dedicated Hosts are the most expensive option.,,,,3,Spot Instances provide the greatest cost savings for workloads that are fault-tolerant and can withstand interruptions.,Design Cost-Optimized Architectures
How can a company ensure its production RDS database is highly available and can withstand an Availability Zone failure?,multiple-choice,Create a read replica in a different AZ,Read replicas are for scaling not for automatic failover.,Enable Multi-AZ for the RDS instance,Multi-AZ creates a synchronous standby replica in a different AZ for automatic failover.,Take regular snapshots,Snapshots are for backups not for high availability.,Increase the instance size,This does not protect against an AZ failure.,,,,2,Enabling Multi-AZ on an RDS instance provides high availability by automatically failing over to a standby replica in a different Availability Zone.,Design Resilient Architectures
A company wants to automate the patching of operating systems on its EC2 instances. Which AWS service should be used?,multiple-choice,AWS Config,Config is for auditing and compliance not for patching.,AWS Systems Manager,Systems Manager Patch Manager automates the process of patching managed instances.,Amazon Inspector,Inspector is a vulnerability assessment service not a patching tool.,AWS Trusted Advisor,Trusted Advisor provides recommendations not automation.,,,,2,AWS Systems Manager Patch Manager allows you to automate the process of patching your EC2 instances and provides a centralized view of patch compliance.,Design Secure Architectures
Which Route 53 routing policy should be used to serve content to users from the AWS region that provides the lowest latency?,multiple-choice,Simple routing policy,This routes traffic to a single resource.,Latency routing policy,This routes traffic to the region with the lowest latency for the user.,Geolocation routing policy,This routes traffic based on the user's geographic location.,Weighted routing policy,This splits traffic between multiple resources based on a defined weight.,,,,2,Latency-based routing in Route 53 improves application performance by routing end-user traffic to the AWS region that provides the lowest network latency.,Design High-Performing Architectures
A company wants to be notified when the CPU utilization of an EC2 instance exceeds 80%. Which service should be used to create this notification?,multiple-choice,AWS CloudTrail,CloudTrail logs API calls it does not monitor performance metrics.,Amazon CloudWatch,CloudWatch monitors performance metrics and can trigger alarms based on thresholds.,AWS Config,Config tracks resource configuration changes not performance metrics.,AWS X-Ray,X-Ray is for application tracing and debugging not for infrastructure monitoring.,,,,2,Amazon CloudWatch allows you to create alarms that monitor metrics like CPU utilization and send notifications when a threshold is breached.,Design High-Performing Architectures
What is the most efficient way to automatically generate thumbnails of images as they are uploaded to an S3 bucket?,multiple-choice,Use an EC2 instance to poll the S3 bucket,Polling is inefficient and not real-time.,Use an S3 event notification to trigger an AWS Lambda function,This is a serverless event-driven and highly efficient approach.,Use an AWS Glue ETL job,Glue is for batch ETL processing not for real-time image processing.,Use Amazon Rekognition,Rekognition is for image analysis not for generating thumbnails.,,,,2,Using S3 event notifications to trigger a Lambda function is the most efficient and scalable pattern for real-time serverless image processing.,Design Resilient Architectures
A stateful application requires a dedicated physical server for compliance reasons. Which EC2 purchasing option should be chosen?,multiple-choice,On-Demand Instances,On-Demand instances run on shared hardware.,Reserved Instances,Reserved Instances also run on shared hardware.,Spot Instances,Spot Instances are not suitable for stateful applications due to their interruptible nature.,Dedicated Hosts,A Dedicated Host is a physical server dedicated to a single customer.,,,,4,An EC2 Dedicated Host provides a physical server for your exclusive use which can help you meet compliance requirements.,Design Secure Architectures
A company needs to store database backups for 5 years. The backups are rarely accessed and a retrieval time of up to 12 hours is acceptable. Which S3 storage class is most appropriate?,multiple-choice,S3 Standard,This is too expensive for long-term archival.,S3 Standard-Infrequent Access,This is for infrequently accessed data that needs rapid access.,S3 One Zone-Infrequent Access,This is for non-critical data that can be lost.,S3 Glacier Deep Archive,This is the lowest-cost storage class for long-term archival with a 12-hour retrieval time.,,,,4,S3 Glacier Deep Archive is designed for long-term data archival offering the lowest storage cost on AWS.,Design Cost-Optimized Architectures
How can a company establish a secure and reliable connection between its on-premises data center and its AWS VPC to create a hybrid cloud?,multiple-choice,Use VPC Peering,VPC Peering connects two VPCs not an on-premises network.,Use a NAT Gateway,A NAT Gateway allows instances in a private subnet to access the internet.,Use AWS Site-to-Site VPN or AWS Direct Connect,A VPN provides a secure connection over the internet while Direct Connect provides a dedicated private connection.,Use an Internet Gateway,An Internet Gateway provides internet access to a VPC.,,,,3,A hybrid cloud architecture can be established using either an AWS Site-to-Site VPN for a cost-effective connection or AWS Direct Connect for a high-bandwidth low-latency connection.,Design High-Performing Architectures
Which AWS service allows you to run ad-hoc SQL queries directly on data stored in Amazon S3?,multiple-choice,Amazon RDS,RDS is a relational database service.,Amazon Redshift,Redshift is a data warehouse and requires data to be loaded.,Amazon Athena,Athena is a serverless query service for running SQL queries on S3 data.,Amazon DynamoDB,DynamoDB is a NoSQL database.,,,,3,Amazon Athena is a serverless interactive query service that makes it easy to analyze data in Amazon S3 using standard SQL.,Design High-Performing Architectures
A company needs to distribute web traffic to multiple EC2 instances for high availability and scalability. Which AWS service should be used?,multiple-choice,Amazon Route 53,Route 53 is a DNS service not a load balancer.,Elastic Load Balancing (ELB),ELB distributes incoming traffic across multiple targets such as EC2 instances.,Amazon CloudFront,CloudFront is a CDN for caching content not for load balancing.,AWS Global Accelerator,Global Accelerator improves performance for global applications but ELB is the primary load balancer.,,,,2,Elastic Load Balancing (ELB) is the AWS service designed to distribute traffic across multiple EC2 instances providing high availability and scalability.,Design High-Performing Architectures
A company wants to provide a single point of contact for its global application with low latency and high availability. Which service is best suited for this?,multiple-choice,Elastic Load Balancing (ELB),ELB is a regional service.,Amazon CloudFront,CloudFront is a CDN for content not a single entry point for an application.,AWS Global Accelerator,Global Accelerator provides static IP addresses that act as a fixed entry point to your application.,Amazon Route 53,Route 53 is a DNS service.,,,,3,AWS Global Accelerator provides static IP addresses that you can use as a single entry point for your global application routing traffic to the optimal endpoint.,Design High-Performing Architectures
Which AWS service can be used to orchestrate a CI/CD workflow for building testing and deploying an application?,multiple-choice,AWS CloudFormation,CloudFormation is for infrastructure as code.,AWS CodePipeline,CodePipeline is a fully managed continuous delivery service for automating release pipelines.,AWS CodeDeploy,CodeDeploy is a deployment service not an orchestrator.,AWS CodeCommit,CodeCommit is a source control service.,,,,2,AWS CodePipeline is a CI/CD service that automates the build test and deploy phases of your release process.,Design Resilient Architectures
A company wants to run a containerized application using Kubernetes on AWS. Which service should they use?,multiple-choice,Amazon ECS,ECS is a proprietary container orchestrator not Kubernetes.,Amazon EKS,EKS is a fully managed Kubernetes service.,AWS Fargate,Fargate is a serverless compute engine for containers that works with both ECS and EKS.,AWS Elastic Beanstalk,Beanstalk can run Docker containers but is not a full Kubernetes service.,,,,2,Amazon EKS (Elastic Kubernetes Service) is the AWS service for running Kubernetes applications and clusters in the cloud.,Design High-Performing Architectures
How can a company automate the patching of its EC2 instances and maintain a centralized view of patch compliance?,multiple-choice,AWS Config,Config is for compliance auditing not for patching.,AWS Systems Manager Patch Manager,Patch Manager automates the process of patching managed instances.,Amazon Inspector,Inspector is a vulnerability assessment service.,AWS Trusted Advisor,Trusted Advisor provides recommendations not automation.,,,,2,AWS Systems Manager Patch Manager is the appropriate service for automating the patching of EC2 instances and viewing patch compliance.,Design Secure Architectures
A company wants to encrypt data in S3 and control the key's rotation and permissions. Which S3 encryption option should they choose?,multiple-choice,Server-Side Encryption with S3-Managed Keys (SSE-S3),With SSE-S3 AWS manages the keys and rotation.,Server-Side Encryption with AWS KMS-Managed Keys (SSE-KMS),SSE-KMS allows you to manage key permissions and rotation in KMS.,Server-Side Encryption with Customer-Provided Keys (SSE-C),With SSE-C you manage the keys yourself.,Client-Side Encryption,With client-side encryption you encrypt the data before uploading.,,,,2,SSE-KMS provides a balance of control and ease of use allowing you to manage key policies and rotation while AWS handles the encryption.,Design Secure Architectures
How can a company ensure that a minimum of two EC2 instances are always running for its application?,multiple-choice,Use a launch template,Launch templates define instance configurations not a minimum instance count.,Use an Auto Scaling group with a desired capacity of 2,An Auto Scaling group can maintain a specified number of instances.,Use a CloudWatch alarm,A CloudWatch alarm can monitor but not launch instances.,Use a load balancer,A load balancer distributes traffic but does not ensure a minimum instance count.,,,,2,An Auto Scaling group with a desired capacity set to 2 will automatically launch new instances to maintain a minimum of two running instances.,Design Resilient Architectures
A company needs to transfer petabytes of data from its on-premises data center to AWS with a slow internet connection. Which AWS service is most suitable?,multiple-choice,AWS DataSync,DataSync is an online data transfer service.,AWS Snowball,Snowball is a petabyte-scale data transport solution using physical appliances.,AWS Direct Connect,Direct Connect is a dedicated network connection and can be expensive.,AWS S3 Transfer Acceleration,S3 Transfer Acceleration is for accelerating uploads over long distances.,,,,2,AWS Snowball is the best choice for transferring large amounts of data to AWS when network connectivity is slow expensive or unreliable.,Design Cost-Optimized Architectures
A company has a batch processing job that can be interrupted and wants to use the most cost-effective EC2 purchasing option. Which option should they choose?,multiple-choice,On-Demand Instances,On-Demand instances are not the most cost-effective.,Reserved Instances,Reserved Instances are for long-running workloads.,Spot Instances,Spot Instances are the most cost-effective for interruptible workloads.,Dedicated Instances,Dedicated Instances are more expensive.,,,,3,Spot Instances offer the deepest discounts on EC2 instances and are ideal for fault-tolerant interruptible workloads like batch processing.,Design Cost-Optimized Architectures
A company wants to deploy a highly available web application in a single AWS Region able to withstand an Availability Zone failure. Which architecture should be used?,multiple-choice,Deploy in a single AZ,This is not highly available.,Deploy across multiple AZs in the same region,This is the standard for high availability in a single region.,Deploy across multiple AWS Regions,This is a multi-region DR strategy.,Deploy on-premises and use AWS for backups,This is a hybrid architecture.,,,,2,A multi-AZ architecture with a load balancer is the standard design for high availability within a single AWS Region.,Design Resilient Architectures
A company wants to grant its developers access to the AWS Management Console without creating individual IAM users. The developers are authenticated via the company's on-premises identity provider. Which AWS service enables this?,multiple-choice,Amazon Cognito,Cognito is for application user identity not for AWS console access.,AWS Single Sign-On (SSO),AWS SSO centrally manages SSO access to multiple AWS accounts.,AWS Identity and Access Management (IAM),IAM is for managing AWS access but SSO is better for federated access.,AWS Directory Service,Directory Service is for managing directories in the cloud.,,,,2,AWS Single Sign-On (SSO) enables you to connect to your on-premises identity provider to grant your users SSO access to the AWS Management Console.,Design Secure Architectures
A company wants to visualize its AWS costs and usage over time and identify cost-saving opportunities. Which AWS service should be used?,multiple-choice,AWS Budgets,Budgets are for setting cost and usage alerts.,AWS Cost Explorer,Cost Explorer provides an interface to visualize understand and manage your AWS costs.,AWS Trusted Advisor,Trusted Advisor provides cost optimization recommendations.,Amazon CloudWatch,CloudWatch is for monitoring performance and operational health.,,,,2,AWS Cost Explorer is the primary tool for visualizing and analyzing your AWS cost and usage data over time.,Design Cost-Optimized Architectures
A company needs to store application configuration data such as database connection strings and API keys in a secure and hierarchical manner. Which AWS service is most suitable?,multiple-choice,AWS Secrets Manager,Secrets Manager is for secrets but Parameter Store is also a good choice for configuration data.,AWS Systems Manager Parameter Store,Parameter Store provides secure hierarchical storage for configuration data and secrets.,AWS Key Management Service (KMS),KMS is for managing encryption keys.,Amazon S3,S3 is for storing objects not for hierarchical configuration data.,,,,2,AWS Systems Manager Parameter Store is designed for storing configuration data and secrets in a hierarchical structure.,Design Secure Architectures
A company is building a new application composed of several independent microservices and wants to use a serverless compute service. Which AWS service should be used?,multiple-choice,Amazon EC2,EC2 is not a serverless service.,Amazon ECS,ECS is a container orchestration service.,AWS Lambda,Lambda is a serverless compute service for running code in response to events.,AWS Elastic Beanstalk,Beanstalk is a PaaS not a serverless compute service.,,,,3,AWS Lambda is a serverless compute service that is ideal for running event-driven microservices without managing servers.,Design High-Performing Architectures
How can a company provide a secure and private connection between its VPC and other AWS services like S3 and DynamoDB without using the public internet?,multiple-choice,Use a NAT Gateway,A NAT Gateway routes traffic over the public internet.,Use a VPC endpoint,A VPC endpoint provides a private connection to AWS services.,Use an Internet Gateway,An Internet Gateway provides access to the public internet.,Use a VPN connection,A VPN is for connecting on-premises networks to a VPC.,,,,2,A VPC endpoint enables you to privately connect your VPC to supported AWS services without requiring an internet gateway NAT device VPN or Direct Connect connection.,Design Secure Architectures
A company wants to deploy a web application to be used by a small number of users. They need a simple and cost-effective solution. Which AWS service is the best fit?,multiple-choice,Amazon EC2,EC2 can be complex to manage for a simple application.,Amazon Lightsail,Lightsail provides a simplified way to launch and manage a virtual private server at a low predictable price.,AWS Elastic Beanstalk,Beanstalk is for more complex applications and is not the most cost-effective for small workloads.,AWS Fargate,Fargate is for containerized applications.,,,,2,Amazon Lightsail is designed for simple workloads providing an easy-to-use interface and a low predictable monthly price.,Design Cost-Optimized Architectures
A company needs to migrate 50TB of data to S3 with limited bandwidth and time is critical. Which service is most suitable?,multiple-choice,AWS Snowball Edge,This is a physical device for large-scale data transfer.,AWS Direct Connect,This is a dedicated network connection which can be costly and time-consuming to set up.,S3 Transfer Acceleration,This service accelerates uploads over the internet.,AWS DataSync,This is an online data transfer service.,AWS Snowmobile,Snowmobile is for exabyte-scale data transfer.,,,1,AWS Snowball Edge is a physical appliance that allows you to transfer large amounts of data to AWS offline which is faster than using the internet for a 50TB transfer with limited bandwidth.,Design Cost-Optimized Architectures
How can a company monitor its AWS environment for unencrypted S3 buckets to ensure compliance?,multiple-choice,AWS Config,Config provides managed rules to detect and report non-compliant resources.,Amazon CloudWatch,CloudWatch is for performance monitoring.,AWS CloudTrail,CloudTrail is for API auditing.,Amazon Inspector,Inspector is for vulnerability scanning.,,,,1,AWS Config can use managed rules such as s3-bucket-ssl-requests-only to continuously monitor your AWS resources for compliance.,Design Secure Architectures
What is the most secure and efficient way to provide shell access to EC2 instances in private subnets without using a bastion host?,multiple-choice,Use a single bastion host in a public subnet,This creates a single point of failure.,Use an Auto Scaling group of bastion hosts,This is more complex and costly than a serverless approach.,Use a Network Load Balancer with a bastion host fleet,This is for high-throughput TCP traffic not for shell access.,Use AWS Systems Manager Session Manager,Session Manager provides secure auditable shell access through the AWS console without open inbound ports.,,,,4,AWS Systems Manager Session Manager is the most secure and efficient method for accessing private instances as it does not require a bastion host or open inbound ports.,Design Secure Architectures
A company is decoupling a monolithic application and needs to ensure that messages between microservices are processed in the exact order they are sent. Which service should be used?,multiple-choice,SQS Standard Queue,Standard queues provide best-effort ordering not strict order.,SQS FIFO Queue,FIFO queues guarantee first-in first-out delivery and exactly-once processing.,SNS Topic,SNS is a pub/sub service and does not guarantee order.,Kinesis Data Firehose,Firehose is a data delivery service not a message queue.,,,,2,Amazon SQS FIFO queues are designed for applications that require messages to be processed in a strict order.,Design High-Performing Architectures
How can you prevent specific IAM users from accessing a production S3 bucket?,multiple-choice,Use an IAM user policy with a Deny statement,This can be overridden by other policies.,Use an S3 bucket policy with a Deny statement,A bucket policy can explicitly deny access to specific principals.,Use S3 Access Control Lists (ACLs),ACLs are a legacy access control mechanism and are not recommended for new use cases.,Use a Service Control Policy (SCP),SCPs are for organization-wide guardrails not for specific resource access.,,,,2,An S3 bucket policy with an explicit Deny statement for a specific IAM user is a direct and effective way to block access to a bucket.,Design Secure Architectures
What is the most cost-effective storage option for data that is accessed once per year but needs to be retrieved immediately?,multiple-choice,S3 Standard-Infrequent Access,This is more expensive than One Zone-IA.,S3 Glacier Flexible Retrieval,This has a retrieval time of minutes to hours.,S3 Glacier Deep Archive,This has a retrieval time of 12-48 hours.,S3 One Zone-Infrequent Access,This is the cheapest option for infrequently accessed data that needs immediate retrieval.,,,,4,S3 One Zone-IA is 20% cheaper than S3 Standard-IA and is suitable for data that is infrequently accessed but requires millisecond retrieval.,Design Cost-Optimized Architectures
