,,REMOTIVE.COM,,https://remotive.com/,,,"(last update - April 15, 2026)",
"Remote companies, find candidates on ➡️",,https://remotive.com/hire,,,,,,
Name,Career Page,,,Number of open remote jobs,,Questions/Comments? Please DM @remotiveio on X! 💚,,
Remotive Slack Community,NOW offering Memberships at -50% during COVID... Co-work remotely with us!,,,,remotive.io/community,🏡👨‍💻👩‍💻,,
Abacus Insights,https://abacusinsights.com/careers/,,,4,,,,
Akasha,https://hack.akasha.org/,,,0,,,,
Alley Interactive,https://alley.co/careers/,,,2,,, ,
Anrok,https://www.anrok.com/careers#open-roles,,,7,,,,
Apollo,https://www.apollo.io/company/careers,,,31,,,,
Appfire,https://appfire.com/careers,,,29,,,,
"Another 150,000+ remote jobs on:",remotive.com,,,"150,000+",,Total number of open remote jobs:,,876
Argyle,https://argyle.com/careers,,,0,,,,
Art & Logic,https://artandlogic.com/careers/,,,0,,,,
AssemblyAI,https://www.assemblyai.com/careers,,,6,,,,
Astropad,https://astropad.com/about/,,,0,,,,
Awesome Motive,https://awesomemotive.com/career/,,,1,,,,
Best Practical,https://bestpractical.com/careers,,,1,,,,
Bevy Labs,https://www.bevy.com/jobs,,,2,,,,
Blumira,https://www.blumira.com/careers/,,,3,,,,
Boldly,https://boldly.com/jobs/,,,2,,,,
BookingSync,https://www.bookingsync.com/en/careers,,,1,,,,
Brave,https://brave.com/careers/,,,13,,,,
Breeze Church,https://www.breezechms.com/careers,,,3,,,,
Bulb,https://angel.co/company/bulb-software/jobs,,,0,,,,
Cabana Blockchain,https://cabanablockchain.com/careers,,,2,,,,
Campfire,https://www.campfirelabs.co/careers,,,1,,,,
Canny,https://jobs.canny.io/,,,0,,,,
CartKit,https://www.notion.so/Work-at-CartKit-b14d5aef3bae4061a9e3d7727e5cc471#1578125408d4478f84d9959139836164,,,8,,,,
Chartmetric,https://chartmetric.com/aboutus,,,4,,,,
Chatbot,https://www.chatbotpack.com/chatbot-jobs/,,,1,,,,
Chromatic,https://chromatichq.com/careers,,,0,,,,
Civic Actions,https://civicactions.com/careers,,,1,,,,
Clipboard Health,https://jobs.ashbyhq.com/clipboard?utm_source=careers,,,42,,,,
Cloudtalk,https://www.cloudtalk.io/jobs,,,34,,,,
Companies,,,,,,,,
Continu,https://www.continu.com/careers,,,1,,,,
Cookly,https://careers.cookly.me/open-positions,,,5,,,,
Corelight,https://corelight.com/company/careers/,,,33,,,,
Counlty,https://www.linkedin.com/company/countly/jobs/,,,0,,,,
CryptoKitties,https://www.cryptokitties.co/careers,,,0,,,,
Cycloid,https://www.cycloid.io/join-us,,,0,,,,
Cypress,https://www.cypress.io/jobs/,,,4,,,,
Daily Kos (Kos Media),https://www.dailykos.com/jobs/,,,1,,,,
Data Automation,https://dataautomation.com/,,,0,,,,
Design Pickle,https://designpickle.com/careers,,,0,,,,
Deskpro,https://www.deskpro.com/careers/,,,0,,,,
DialUp,https://dialup.com/about,,,1,,,,
DNSfilter,https://www.dnsfilter.com/careers,,,3,,,,
DNSimple,https://dnsimple.com/jobs,,,0,,,,
Dozuki,https://www.dozuki.com/careers/,,,4,,,,
DuckDuckGo,https://duckduckgo.com/hiring/,,,9,,,,
Earnest,https://www.earnest.com/careers,,,6,,,,
Elevar,https://www.getelevar.com/careers/,,,0,,,,
Enigma,https://boards.greenhouse.io/enigmaio,,,10,,,,
Eon,https://job-boards.eu.greenhouse.io/eonio,,,5,,,,
Epic Industries,http://www.epicindustries.co.uk/careers,,,2,,,,
Fetch&Funnel,https://www.fetchfunnel.com/careers/,,,4,,,,
Fieldguide,https://www.fieldguide.io/careers,,,29,,,,
Files,https://www.files.com/jobs/now-hiring/,,,11,,,,
Firstbase,https://www.firstbase.io/careers,,,0,,,,
Float,https://www.float.com/careers,,,0,,,,
FormAssembly,https://apply.workable.com/formassembly/,,,3,,,,
GetResponse,https://apply.workable.com/getresponse/,,,7,,,,
Gitbook,https://www.gitbook.com/about#open-roles,,,4,,,,
Going,https://www.going.com/careers#OP,,,0,,,,
Graphy App,https://www.notion.so/Graphy-Careers-e2e39a1719b343928be38d7c85ab1b31,,,3,,,,
Gravity Forms,https://www.gravityforms.com/careers/,,,0,,,,
Growth Machine,https://www.growthmachine.com/careers,,,0,,,,
Heaps Digital Ventures,https://www.heapsdigitalventures.com/careers,,,0,,,,
Hippo Education,https://angel.co/company/hippo-education/jobs,,,0,,,,
Hiring remote workers? We can help! Check us out on :,,,,https://remotive.com/job/post/new,,,,
Hospital IQ,https://www.hospiq.com/careers/,,,5,,,,
Hubstaff,https://hubstaff.com/jobs,,,7,,,,
Huntress,https://www.huntress.com/company/careers,,,28,,,,
Igalia,https://www.igalia.com/jobs/,,,8,,,,
Infinity Software Development,https://www.infinity-software.com/careers,,,3,,,,
Inpsyde,https://inpsyde.com/en/remote-jobs/,,,1,,,,
Input Logic,http://inputlogic.ca/careers,,,1,,,,
Input Output,https://iohk.io/careers/,,,8,,,,
InterDax,https://www.interdax.com/careers/,,,11,,,,
Intuition Machines,https://hcaptcha.zohorecruit.com/jobs/Careers,,,1,,,,
Invisible Technologies,https://jobs.breezy.hr/,,,1,,,,
Kalepa Insurance,https://kalepainsurance.com/careers,,,19,,,,
Knock Homes,https://www.knock.com/careers,,,2,,,,
Knowde,https://www.knowde.com/careers,,,0,,,,
Ko-fi,https://more.ko-fi.com/careers,,,3,,,,
Last Call Media,https://lastcallmedia.com/careers,,,1,,,,
Latchel,https://latchel.com/careers,,,0,,,,
LegalNature,https://www.legalnature.com/careers,,,0,,,,
Level12,https://www.level12.io/careers/,,,2,,,,
LexBlog,https://www.lexblog.com/careers/,,,0,,,,
MarsBased,https://marsbased.com/jobs/,,,1,,,,
MedStack,https://medstack.co/careers/,,,0,,,,
Meet Edgar,https://meetedgar.com/careers/,,,0,,,,
Metronome,https://metronome.com/company/careers#positions,,,3,,,,
MKG Marketing,https://mkgmarketinginc.com/about/jobs/#positions,,,5,,,,
Modern Tribe,https://tri.be/careers/,,,2,,,,
Netdata Inc.,https://careers.netdata.cloud/,,,5,,,,
Nightwatch,https://nightwatch.io/jobs/,,,10,,,,
Nova Credit,https://www.novacredit.com/careers,,,5,,,,
Nutrient,https://www.nutrient.io/company/careers,,,11,,,,
Nylas,https://www.nylas.com/company/jobs/,,,4,,,,
Octopus Deploy,https://octopus.com/company/careers,,,19,,,,
Oddball,https://oddball.io/jobs,,,5,,,,
OhmConnect,https://www.ohmconnect.com/about-us/jobs,,,11,,,,
OhMD,https://www.ohmd.com/careers/,,,1,,,,
Olio,https://olioex.com/join-our-team/,,,0,,,,
Oomnitza,https://www.oomnitza.com/careers/open-positions/,,,1,,,,
OnceHub,https://www.oncehub.com/careers,,,1,,,,
OnTheGoSystems,https://www.onthegosystems.com/jobs/,,,5,,,,
Open Collective,https://opencollective.com/hiring,,,0,,,,
Open Law Lab,http://www.openlawlib.org/careers/,,,2,,,,
Parabol,https://www.parabol.co/join,,,0,,,,
Parknav,https://parknav.com/careers,,,6,,,,
Pelcro,https://www.pelcro.com/en/careers,,,0,,,,
Perfect Keto,https://perfectketo.com/careers/,,,0,,,,
Pexels,https://wellfound.com/company/pexels/jobs,,,0,,,,
Ping Marketing,https://wellfound.com/company/ping-marketing-1/jobs,,,0,,,,
Platform.sh,https://platform.sh/company/careers/,,,7,,,,
Playco,https://jobs.lever.co/playco,,,0,,,,
PocketSuite,https://wellfound.com/company/pocketsuite/jobs,,,1,,,,
Prifina,https://www.prifina.com/join-our-team.html,,,0,,,,
"Another 150,000+ remote jobs on:",remotive.com,,,"150,000+",,,,
"Pro-tip: Looking for a remote job? We run webinars on ""3 key mistakes to avoid when looking for a remote startup job"" ➡️➡️",,,,,,,https://remotive.com/webinar,
"Pro-tip: Looking for a remote job? We run webinars on ""3 key mistakes to avoid when looking for a remote startup job"" ➡️➡️",,,,,,,https://remotive.com/webinar,
"Pro-tip: Looking for a remote job? We run webinars on ""3 key mistakes to avoid when looking for a remote startup job"" ➡️➡️",,,,,,,https://remotive.com/webinar,
"Pro-tip: Looking for a remote job? We run webinars on ""3 key mistakes to avoid when looking for a remote startup job"" ➡️➡️",,,,,,,https://remotive.com/webinar,
Prolific,https://www.prolific.co/careers/,,,162,,,,
Prospect,https://tryprospect.com/careers,,,1,,,,
Pubstack,https://www.welcometothejungle.com/en/companies/pubstack-io,,,0,,,,
Pulumi,https://www.pulumi.com/careers/,,,3,,,,
Ranker,https://blog.ranker.com/jobs?ref=foot,,,0,,,,
Reaktiv Studios,https://reaktivstudios.com/jobs/,,,4,,,,
Reedsy,https://angel.co/reedsy/jobs,,,13,,,,
Replicate,https://replicate.com/about#join-us,,,1,,,,
Rho AI,https://rhoimpact.com/careers/,,,0,,,,
Roadtrippers,https://jobs.roadtrippers.com/,,,0,,,,
Rocket Chat,https://jobs.rocket.chat/careers,,,2,,,,
RocketAir,https://www.rocketair.com/careers,,,0,,,,
Rotunda Software,https://apply.workable.com/rotunda-software,,,0,,,,
Routable,https://apply.workable.com/routable/,,,0,,,,
SafeGraph,https://www.safegraph.com/careers#open-positions,,,1,,,,
Sahara AI,https://saharalabs.ai/community/career,,,0,,,,
Screenly,https://apply.workable.com/screenly/,,,0,,,,
Semaphore,https://semaphoreci.com/hiring,,,3,,,,
Semrush,https://careers.semrush.com/,,,86,,,,
ShrineDev,https://shrinedev.com/careers/,,,0,,,,
Sked Social,https://skedsocial.com/careers/,,,0,,,,
Socket,https://socket.dev/careers#open-roles,,,18,,,,
Sortly,https://sortly-inc.breezy.hr/?,,,0,,,,
Staffcloud,https://www.staff.cloud/en/about#jobs,,,0,,,,
StrongDM,https://www.strongdm.com/careers,,,0,,,,
TalkJS,https://talkjs.com/jobs/,,,6,,,,
Thatch,https://thatch.ai/jobs,,,12,,,,
Tomedes,https://www.tomedes.com/careers,,,1,,,,
Upbound,https://www.upbound.io/careers#working-with-us,,,10,,,,
UpMetrics,https://www.upmetrics.com/careers.html,,,0,,,,
Veridian,https://veridian.info/careers/,,,4,,,,
"Another 150,000+ remote jobs on:",remotive.com,,,"150,000+",,,,