,
1,Placement & Career Resources
2,
3,A to Z Placement Kit
4,https://www.lets-code.co.in/articles/AtoZ-Placement-Kit
5,Placement Roadmap
6,https://www.lets-code.co.in/articles/roadmap/
7,Aptitude Roadmap
8,https://www.lets-code.co.in/articles/roadmap/
9,DSA Roadmap
10,https://www.lets-code.co.in/dsa-roadmap/
11,System Design Roadmap
12,https://www.lets-code.co.in/system-design/
13,JavaScript Roadmap
14,https://www.lets-code.co.in/articles/roadmap/
15,ReactJS Roadmap
16,https://www.lets-code.co.in/articles/roadmap/
17,Backend Development Roadmap
18,https://www.lets-code.co.in/articles/roadmap/
19,DevOps Roadmap
20,https://www.lets-code.co.in/articles/roadmap/
21,Machine Learning Roadmap
22,https://www.lets-code.co.in/articles/roadmap/
23,AI Engineer Roadmap
24,https://www.lets-code.co.in/articles/roadmap/
25,Cybersecurity Roadmap
26,https://www.lets-code.co.in/articles/roadmap/
27,Product Management Roadmap
28,https://www.lets-code.co.in/articles/roadmap/
29,Java Developer Roadmap
30,https://www.lets-code.co.in/articles/roadmap/
31,LLMs Roadmap
32,https://www.lets-code.co.in/articles/roadmap/
33,MCP Roadmap
34,https://www.lets-code.co.in/articles/roadmap/
35,Resume & LinkedIn Resources
36,ATS Friendly Resume Templates
37,https://www.lets-code.co.in/articles/roadmap/
38,Cold Email & Referral Templates
39,https://www.lets-code.co.in/articles/roadmap/
40,Resume Optimizer
41,https://www.lets-code.co.in/
42,LinkedIn Optimizer
43,https://www.lets-code.co.in/
44,Cover Letter AI
45,https://www.lets-code.co.in/
46,Job Ready Score
47,https://www.lets-code.co.in/
48,
49,AI Career Tools
50,
51,AI Job Finder
52,https://www.lets-code.co.in/
53,Mock Interview Tool
54,https://www.lets-code.co.in/
55,Free ATS Score Checker
56,https://www.lets-code.co.in/
57,Resume Optimization Tool
58,https://www.lets-code.co.in/
59,Interview Preparation
60,Interview Questions Hub
61,https://www.lets-code.co.in/interview/interviewquestions/
62,OOPs Interview Questions
63,https://www.lets-code.co.in/interview/opps-interview-questions/
64,DBMS Interview Questions
65,https://www.lets-code.co.in/interview/dbms-interview-questions/
66,Operating System Interview Questions
67,https://www.lets-code.co.in/interview/operating-system-interview-questions/
68,Computer Network Interview Questions
69,https://www.lets-code.co.in/interview/computer-network-interview-questions/
70,SQL Interview Questions
71,https://www.lets-code.co.in/interview/sql-interview-questions/
72,JavaScript Interview Questions
73,https://www.lets-code.co.in/interview/javascript-interview-questions/
74,React JS Interview Questions
75,https://www.lets-code.co.in/interview/react-js-interview-questions/
76,Python Interview Questions
77,https://www.lets-code.co.in/interview/python-interview-questions/
78,Spring Boot Interview Questions
79,https://www.lets-code.co.in/interview/spring-boot-interview-questions/
80,Core Java Interview Questions
81,https://www.lets-code.co.in/interview/core-java-interview-questions/
82,Java Full Stack Interview Questions
83,https://www.lets-code.co.in/interview/java-full-stack-interview-questions/
84,Data Engineering Interview Questions
85,https://www.lets-code.co.in/interview/data-engineering-interview-questions/
86,Frontend Developer Interview Questions
87,https://www.lets-code.co.in/interview/frontend-developer-interview-questions/
88,HR Interview Questions
89,https://www.lets-code.co.in/interview/hr-interview-questions/
90,MERN Stack Interview Questions
91,https://www.lets-code.co.in/interview/mern-stack-interview-questions/
92,Cloud Interview Questions
93,https://www.lets-code.co.in/interview/cloud-interview-questions/
94,DevOps Interview Questions
95,https://www.lets-code.co.in/interview/devops-interview-questions/
96,Data Science Interview Questions
97,https://www.lets-code.co.in/interview/data-science-interview-questions/
98,LeetCode Top 150 Questions
99,https://www.lets-code.co.in/interview/leetcode-top-interview-150-questions/
100,
101,Previous Year Questions (PYQs)
102,
103,PYQs Main Hub
104,https://www.lets-code.co.in/previousyearcodingquestion/pyqs/
105,TCS PYQs
106,https://www.lets-code.co.in/previousyearcodingquestion/tcspyq/
107,TCS NQT Aptitude Questions
108,https://www.lets-code.co.in/previousyearcodingquestion/pyqs/
109,Cognizant Coding Questions
110,https://www.lets-code.co.in/previousyearcodingquestion/pyqs/
111,Wipro Coding Questions
112,https://www.lets-code.co.in/previousyearcodingquestion/pyqs/
113,IBM Coding Questions
114,https://www.lets-code.co.in/previousyearcodingquestion/pyqs/
115,Accenture Coding Questions
116,https://www.lets-code.co.in/previousyearcodingquestion/pyqs/
117,Capgemini Coding Questions
118,https://www.lets-code.co.in/previousyearcodingquestion/pyqs/
119,Virtusa Coding Questions
120,https://www.lets-code.co.in/previousyearcodingquestion/pyqs/
121,Flipkart Grid Coding Questions
122,https://www.lets-code.co.in/previousyearcodingquestion/pyqs/
123,Juspay Hiring Challenge 2025
124,https://www.lets-code.co.in/previousyearcodingquestion/pyqs/
125,Infosys SP & DSE PYQs
126,https://www.lets-code.co.in/previousyearcodingquestion/pyqs/
127,De Shaw PYQs
128,https://www.lets-code.co.in/previousyearcodingquestion/pyqs/
129,EPAM PYQs
130,https://www.lets-code.co.in/previousyearcodingquestion/pyqs/
131,Amazon ML Summer School PYQs
132,https://www.lets-code.co.in/previousyearcodingquestion/pyqs/
133,TCS CodeVita PYQs
134,https://www.lets-code.co.in/previousyearcodingquestion/pyqs/
135,Oracle PYQs
136,https://www.lets-code.co.in/previousyearcodingquestion/pyqs/
137,Microsoft PYQs
138,https://www.lets-code.co.in/previousyearcodingquestion/pyqs/
139,Amazon PYQs
140,https://www.lets-code.co.in/previousyearcodingquestion/pyqs/
141,Deloitte PYQs
142,https://www.lets-code.co.in/previousyearcodingquestion/pyqs/
143,Cisco PYQs
144,https://www.lets-code.co.in/previousyearcodingquestion/pyqs/
145,Larsen & Toubro PYQs
146,https://www.lets-code.co.in/previousyearcodingquestion/pyqs/
147,HCL PYQs
148,https://www.lets-code.co.in/previousyearcodingquestion/pyqs/
149,Learning Resources
150,Study Resources & Notes
151,https://www.lets-code.co.in/articles/resources/
152,Free Placement Material Drive
153,https://www.lets-code.co.in/articles/roadmap/
154,Awesome GitHub Repositories
155,https://www.lets-code.co.in/articles/roadmap/
156,Awesome YouTube Playlists
157,https://www.lets-code.co.in/articles/roadmap/
158,Official Documentation Lists
159,https://www.lets-code.co.in/articles/roadmap/
160,Final Year Projects with Source Code
161,https://www.lets-code.co.in/articles/roadmap/
162,LeetCode Resources
163,https://www.lets-code.co.in/articles/roadmap/
164,
165,Blogs & Career Guides
166,Blogs Hub
167,https://www.lets-code.co.in/blogs/
168,2025 Tech Hiring Calendar
169,https://www.lets-code.co.in/blogs/2025-tech-hiring-calendar-month-by-month-guide-to-internships-job-openings/
170,10+ LPA Fresher Guide
171,https://www.lets-code.co.in/blogs/how-to-get-a-10-lpa-job-as-a-fresher-from-a-tier-3-college/
172,Complete BTech CSE Engineering Kit
173,https://www.lets-code.co.in/blogs/the-complete-btech-cse-engineering-kit-from-first-semester-to-your-first-job/
174,GSoC 2026 Guide
175,https://www.lets-code.co.in/blogs/complete-guide-to-google-summer-of-code-gsoc-2026/
176,GitHub Student Pack Guide
177,https://www.lets-code.co.in/blogs/github-education-student-pack-a-complete-guide-for-students/
178,Hacktoberfest Beginner Repositories
179,https://www.lets-code.co.in/blogs/hacktoberfest-beginner-friendly-repositories-find-and-contribute-to-open-source-projects/
180,How to Build AI Agents
181,https://www.lets-code.co.in/blogs/how-to-build-ai-agents-step-by-step-roadmap-with-tools-projects/
182,Crack Google Interview Guide
183,https://www.lets-code.co.in/blogs/crack-the-google-interview-in-2025-your-complete-preparation-guide/
184,Remote First Companies Hiring Guide
185,https://www.lets-code.co.in/blogs/from-cheap-labor-to-global-talent-how-to-get-hired-by-remote-first-companies/
